<?xml version="1.0" encoding="UTF-8"?>
<project-private xmlns="http://www.netbeans.org/ns/project-private/1">
    <editor-bookmarks xmlns="http://www.netbeans.org/ns/editor-bookmarks/2" lastBookmarkId="0"/>
    <open-files xmlns="http://www.netbeans.org/ns/projectui-open-files/2">
        <group>
            <file>file:/Users/ramonrobles/Desktop/PDV/src/mx/com/elektra/sistemas/pdv/model/Articulo.java</file>
            <file>file:/Users/ramonrobles/Desktop/PDV/src/mx/com/elektra/sistemas/pdv/model/Persona.java</file>
            <file>file:/Users/ramonrobles/Desktop/PDV/src/mx/com/elektra/sistemas/pdv/PDVMain.java</file>
            <file>file:/Users/ramonrobles/Desktop/PDV/src/mx/com/elektra/sistemas/pdv/service/SucursalService.java</file>
            <file>file:/Users/ramonrobles/Desktop/PDV/src/mx/com/elektra/sistemas/pdv/model/Sucursal.java</file>
        </group>
    </open-files>
</project-private>
